metric,value
Total Waste,2994689.3152783457
Recoverable Waste,1048141.2603474209
Meals Possible,2096282520.6948416
People Fed Per Year,1914413.2609085313
CO2 Saved,2620353.1508685523
